0,[0.108669   0.35009357 0.33017552 0.56264114],7.0,0.5567114,0.4105381965637207
0,[0.31375432 0.3146637  0.57006854 0.7555955 ],9.0,0.96887,0.4105381965637207
1,[0.31042564 0.29851955 0.5519072  0.72474974],5.0,0.9609414,0.13052868843078613
1,[0.10928024 0.35554087 0.33166146 0.5567546 ],7.0,0.9435642,0.13052868843078613
1,[0.3146563  0.31195647 0.5594857  0.7755678 ],9.0,0.9527484,0.13052868843078613
1,[0.7311047  0.44164643 0.9175959  0.68705213],9.0,0.31006196,0.13052868843078613
2,[0.2965382  0.3000961  0.55338717 0.74285597],5.0,0.53419286,0.13508915901184082
2,[0.11045814 0.35748836 0.3231453  0.55101913],7.0,0.57525,0.13508915901184082
2,[0.30254441 0.31341735 0.555931   0.7731074 ],9.0,0.49742174,0.13508915901184082
3,[0.3044363  0.30090794 0.54561275 0.73123515],5.0,0.66977614,0.1275780200958252
3,[0.11348764 0.35347    0.3246441  0.5520575 ],7.0,0.30848038,0.1275780200958252
4,[0.3095157  0.29307196 0.5498327  0.8178822 ],5.0,0.9623636,0.12087249755859375
4,[0.10624561 0.3561994  0.31831574 0.5532578 ],7.0,0.8422269,0.12087249755859375
4,[6.5855682e-04 4.8910421e-01 1.3592546e-01 6.7116874e-01],9.0,0.31280556,0.12087249755859375
5,[0.29706582 0.2990815  0.551293   0.85028535],5.0,0.5642125,0.12558889389038086
5,[0.10001875 0.3570549  0.29541105 0.5727544 ],7.0,0.6926369,0.12558889389038086
5,[0.5607427  0.37244177 0.6516077  0.5733877 ],15.0,0.38723254,0.12558889389038086
6,[0.2961186  0.30173066 0.5423429  0.82133186],5.0,0.5306075,0.13082051277160645
6,[0.09127268 0.35410124 0.29380557 0.5531168 ],7.0,0.6206185,0.13082051277160645
7,[0.10164915 0.3538677  0.3066761  0.5534976 ],7.0,0.85567456,0.11687397956848145
7,[0.28069913 0.30179176 0.5384412  0.7095096 ],9.0,0.7749801,0.11687397956848145
8,[0.29216507 0.29741526 0.53927994 0.82362306],5.0,0.71028644,0.1065223217010498
8,[0.0894772  0.35343334 0.3092106  0.56376255],7.0,0.57780427,0.1065223217010498
9,[0.27498817 0.29315653 0.53799355 0.845778  ],5.0,0.8963863,0.1227116584777832
9,[0.09467544 0.35126197 0.30805647 0.5591821 ],7.0,0.90549684,0.1227116584777832
9,[0.6915494  0.42611986 0.8874494  0.67806846],9.0,0.42166552,0.1227116584777832
9,[0.5526236  0.3616832  0.65072393 0.73683137],15.0,0.83691305,0.1227116584777832
10,[0.2841354 0.2894942 0.5321867 0.838897 ],5.0,0.9794869,0.11805367469787598
10,[0.09750684 0.34403872 0.3093959  0.5611084 ],7.0,0.6407624,0.11805367469787598
11,[0.28116295 0.29801825 0.54074275 0.8450568 ],5.0,0.84593195,0.12494087219238281
11,[0.10811152 0.3450802  0.3074488  0.54336745],7.0,0.59778297,0.12494087219238281
12,[0.10963169 0.34538984 0.31737208 0.5452572 ],7.0,0.9600755,0.1201927661895752
12,[0.2985929  0.3102634  0.54287356 0.79557526],9.0,0.6893571,0.1201927661895752
13,[0.2972958  0.2980066  0.5408484  0.74832445],5.0,0.47148624,0.12374711036682129
13,[0.11142392 0.343593   0.31263286 0.5572785 ],7.0,0.65172,0.12374711036682129
14,[0.28765184 0.28977826 0.543793   0.85157895],5.0,0.88698167,0.11204719543457031
14,[0.11275253 0.3356011  0.31427363 0.5506881 ],7.0,0.3388338,0.11204719543457031
14,[0.76892847 0.64415324 1.0113313  0.8479415 ],9.0,0.67200947,0.11204719543457031
15,[0.1140123  0.34744835 0.30720344 0.55786   ],7.0,0.6917906,0.1335616111755371
16,[0.29702753 0.29360276 0.5408391  0.7207152 ],5.0,0.45610675,0.1207890510559082
16,[0.11497603 0.3423804  0.3228721  0.5533947 ],7.0,0.68505865,0.1207890510559082
16,[0.2932247  0.2933885  0.54358524 0.8126081 ],9.0,0.86575305,0.1207890510559082
17,[0.2871031  0.29128692 0.537747   0.8366256 ],5.0,0.3272883,0.11957931518554688
17,[0.11444997 0.3540439  0.321845   0.5581831 ],7.0,0.9707266,0.11957931518554688
17,[0.28887048 0.28702864 0.5386543  0.82802796],9.0,0.6119504,0.11957931518554688
18,[0.291539   0.28863305 0.5370465  0.8359892 ],5.0,0.48599753,0.1279160976409912
18,[0.11458144 0.3541958  0.31756657 0.5541186 ],7.0,0.8772833,0.1279160976409912
19,[0.29301885 0.2949711  0.53793836 0.7506689 ],5.0,0.35509753,0.12261724472045898
19,[0.1130807  0.35757637 0.30195454 0.5588343 ],7.0,0.99565923,0.12261724472045898
19,[0.29620045 0.29441237 0.5309582  0.8249055 ],9.0,0.9004247,0.12261724472045898
20,[0.2965134  0.29032272 0.52974343 0.81239575],5.0,0.8353829,0.12606120109558105
20,[0.1111345  0.35224771 0.31555533 0.5579839 ],7.0,0.5773963,0.12606120109558105
20,[0.32262254 0.59175277 0.9284681  1.1100268 ],8.0,0.5052182,0.12606120109558105
21,[0.28889316 0.28706238 0.5270553  0.83184314],5.0,0.3231674,0.13434743881225586
21,[0.29256347 0.28962642 0.5304688  0.8198132 ],9.0,0.45439082,0.13434743881225586
22,[0.28428343 0.2811702  0.52536595 0.80779237],5.0,0.9045495,0.13128995895385742
23,[0.11639597 0.33944917 0.31522724 0.53611684],7.0,0.3264918,0.11473608016967773
24,[0.11798581 0.34127533 0.31390807 0.5367427 ],7.0,0.86406446,0.11632585525512695
24,[0.2946959  0.28328297 0.5300361  0.7904146 ],9.0,0.55514276,0.11632585525512695
25,[0.2794653  0.27367333 0.5581418  0.7523565 ],5.0,0.32318708,0.12856197357177734
25,[0.1201421  0.34389427 0.302329   0.5213125 ],7.0,0.9704766,0.12856197357177734
25,[0.21444471 0.32286477 0.31867296 0.46896803],7.0,0.5170769,0.12856197357177734
26,[0.29070106 0.27200246 0.539909   0.75061953],5.0,0.310381,0.12465977668762207
26,[0.2902905  0.2872842  0.53216565 0.78376776],9.0,0.5511462,0.12465977668762207
26,[0.5369868  0.28366762 0.65015554 0.6085188 ],15.0,0.35960573,0.12465977668762207
27,[0.29884762 0.2656952  0.5353211  0.75285697],5.0,0.93688816,0.11986875534057617
27,[0.13880923 0.33971903 0.2926084  0.53694725],7.0,0.40585276,0.11986875534057617
28,[0.29174948 0.27007145 0.5328794  0.7528488 ],5.0,0.44707188,0.12624859809875488
28,[0.14034688 0.33950868 0.31131378 0.53082836],7.0,0.6834661,0.12624859809875488
28,[0.3584297  0.73956937 0.9020021  1.0902035 ],8.0,0.7357114,0.12624859809875488
29,[0.30273908 0.26249495 0.5358344  0.7344302 ],5.0,0.93802893,0.1201939582824707
29,[0.71359664 0.19164735 0.8110476  0.37030756],15.0,0.3708978,0.1201939582824707
30,[0.3043273  0.25672626 0.5402854  0.7372473 ],5.0,0.628493,0.1248166561126709
30,[0.146175   0.33015817 0.33235213 0.52751243],7.0,0.34071848,0.1248166561126709
30,[0.36037776 0.73124206 0.9151788  1.0925865 ],8.0,0.5271571,0.1248166561126709
30,[0.714522   0.18982431 0.80666053 0.3631641 ],15.0,0.3532337,0.1248166561126709
31,[0.3076945  0.25447014 0.5364763  0.7690486 ],5.0,0.9265293,0.13011908531188965
31,[0.14375886 0.33043486 0.31831583 0.5319649 ],7.0,0.3531914,0.13011908531188965
32,[0.3079409  0.25763616 0.5304164  0.77289176],5.0,0.6537788,0.1072847843170166
32,[0.5317374  0.24765693 0.65624064 0.6104177 ],5.0,0.31039786,0.1072847843170166
32,[0.15031195 0.33017522 0.3240645  0.5287629 ],7.0,0.47353977,0.1072847843170166
33,[0.53885764 0.26009434 0.6576864  0.6321804 ],5.0,0.39290518,0.12799954414367676
34,[0.30861193 0.25910956 0.53581184 0.77789384],5.0,0.49221617,0.1126410961151123
34,[0.15417874 0.3354457  0.32028386 0.526484  ],7.0,0.3751541,0.1126410961151123
35,[0.3144404  0.2659044  0.52700454 0.7793906 ],5.0,0.84851074,0.11730003356933594
36,[0.15571678 0.34924883 0.32163778 0.5435971 ],7.0,0.42196777,0.12763118743896484
36,[0.31078684 0.28549886 0.5506647  0.7821622 ],9.0,0.9431364,0.12763118743896484
37,[0.30430138 0.27599666 0.5420014  0.7873286 ],5.0,0.32726696,0.12047481536865234
37,[0.29365376 0.29518545 0.5671464  0.8021389 ],9.0,0.5500632,0.12047481536865234
38,[0.30601376 0.2853138  0.5483701  0.80035496],9.0,0.71359235,0.1271066665649414
41,[0.17590417 0.36567742 0.32087445 0.56278175],7.0,0.5705027,0.12702512741088867
42,[0.16433074 0.3706087  0.32267827 0.56030214],7.0,0.6726363,0.11816906929016113
42,[0.3035292  0.30925277 0.55590653 0.80954087],9.0,0.5328053,0.11816906929016113
43,[0.5383457  0.27932262 0.64690554 0.6286268 ],5.0,0.46901202,0.11958813667297363
43,[0.16804233 0.37113065 0.3163845  0.5646818 ],7.0,0.8870219,0.11958813667297363
45,[0.16581312 0.38798434 0.31584826 0.57237506],7.0,0.42375314,0.12489151954650879
46,[0.16382945 0.39414677 0.32209605 0.58067584],7.0,0.948561,0.11755633354187012
47,[0.31157085 0.33472702 0.54561996 0.8170148 ],5.0,0.6094462,0.12366509437561035
47,[0.16815212 0.38628227 0.2956315  0.55611557],7.0,0.83070993,0.12366509437561035
47,[0.01848733 0.43942785 0.20801014 0.7074592 ],9.0,0.38616455,0.12366509437561035
48,[0.17058176 0.39594752 0.31442916 0.5768242 ],7.0,0.8340453,0.12803101539611816
49,[0.17915758 0.3952067  0.33008245 0.576843  ],7.0,0.95196533,0.1206212043762207
49,[0.0210097  0.44056487 0.20572893 0.7060001 ],9.0,0.38094947,0.1206212043762207
49,[0.30815113 0.3357352  0.5453112  0.8123915 ],9.0,0.33114535,0.1206212043762207
50,[0.1701624  0.38253608 0.2988003  0.55703336],7.0,0.9310052,0.11668205261230469
51,[0.17951238 0.38127413 0.30316463 0.55603874],7.0,0.8812025,0.12807297706604004
52,[0.31891003 0.36672038 0.5467025  0.82780427],5.0,0.713178,0.1313941478729248
52,[0.02733085 0.42709702 0.22111143 0.6916644 ],5.0,0.39832503,0.1313941478729248
52,[0.17991841 0.38735    0.3079696  0.5641215 ],7.0,0.9354179,0.1313941478729248
52,[0.03116447 0.42729247 0.2255455  0.68896544],7.0,0.5681239,0.1313941478729248
53,[0.32466412 0.33368284 0.54288733 0.8237156 ],5.0,0.4115165,0.11279034614562988
53,[0.18781222 0.38599366 0.31081927 0.56091785],7.0,0.8492771,0.11279034614562988
53,[0.02803314 0.42604735 0.22790492 0.703177  ],9.0,0.510123,0.11279034614562988
54,[0.3222686  0.36808968 0.54495245 0.8231145 ],5.0,0.4738184,0.11972355842590332
54,[0.18907015 0.3878383  0.31198394 0.563828  ],7.0,0.73802185,0.11972355842590332
54,[0.03593293 0.43132007 0.22440001 0.6972363 ],9.0,0.6883479,0.11972355842590332
55,[0.31878376 0.37692517 0.54391307 0.8274804 ],5.0,0.709006,0.1181325912475586
55,[0.18789142 0.38661593 0.32179022 0.54083854],7.0,0.841287,0.1181325912475586
55,[0.03612507 0.43173787 0.22967684 0.68857896],9.0,0.7568784,0.1181325912475586
55,[0.31056634 0.36242178 0.5566962  0.8064854 ],9.0,0.75367814,0.1181325912475586
56,[0.32173067 0.35192987 0.5466393  0.8479345 ],5.0,0.90886956,0.1154792308807373
56,[0.19171508 0.38631943 0.31430697 0.53817344],7.0,0.9086948,0.1154792308807373
57,[0.31858608 0.35980213 0.54372275 0.8612505 ],5.0,0.9471787,0.1263124942779541
57,[0.19518998 0.38535622 0.3163239  0.54118   ],7.0,0.93807626,0.1263124942779541
58,[0.2828088  0.34195364 0.5537542  0.8359103 ],5.0,0.7583904,0.12121415138244629
58,[0.19765802 0.3833883  0.3178869  0.5375843 ],7.0,0.9872989,0.12121415138244629
58,[0.05958756 0.43037722 0.23590446 0.67768764],9.0,0.80223,0.12121415138244629
59,[0.31932512 0.34648934 0.54569113 0.8664111 ],5.0,0.84386593,0.11976504325866699
59,[0.19965322 0.38508832 0.3187503  0.53583896],7.0,0.98787594,0.11976504325866699
59,[0.05274561 0.42855263 0.23527193 0.6684853 ],9.0,0.63378215,0.11976504325866699
60,[0.2972451  0.33619928 0.54673415 0.8340641 ],5.0,0.76940686,0.12140703201293945
60,[0.20123635 0.38583496 0.3200736  0.53765726],7.0,0.9918602,0.12140703201293945
60,[0.0612123  0.42865178 0.23606652 0.671762  ],9.0,0.5669195,0.12140703201293945
61,[0.27455336 0.34070313 0.5406755  0.80640304],5.0,0.8806907,0.11909365653991699
61,[0.20393908 0.38384444 0.3272339  0.52728194],7.0,0.9125558,0.11909365653991699
62,[0.20443262 0.38143572 0.32802284 0.53274834],7.0,0.9875866,0.1202545166015625
62,[0.07620686 0.42283702 0.24789599 0.66414905],9.0,0.31554547,0.1202545166015625
63,[0.2869258  0.32964095 0.5408793  0.80688   ],5.0,0.7642558,0.1217808723449707
63,[0.20633984 0.37677437 0.3292709  0.5324256 ],7.0,0.9705011,0.1217808723449707
64,[0.20580384 0.37498146 0.32727757 0.53581125],7.0,0.98746246,0.13695335388183594
65,[0.07897782 0.41809025 0.2511689  0.66486955],5.0,0.59133637,0.1224215030670166
65,[0.30501944 0.3386711  0.53327435 0.8074677 ],5.0,0.42148298,0.1224215030670166
65,[0.20857431 0.37656602 0.3281182  0.52507573],7.0,0.9883548,0.1224215030670166
66,[0.649064   0.36689803 0.8681982  0.80720854],5.0,0.3912512,0.12084388732910156
66,[0.20765106 0.3750839  0.32604063 0.5206915 ],7.0,0.95272225,0.12084388732910156
67,[0.20370936 0.374952   0.32092458 0.5209686 ],7.0,0.99188,0.12543106079101562
67,[0.07604792 0.41973066 0.24306515 0.6390649 ],9.0,0.33409145,0.12543106079101562
68,[0.6459125  0.36897337 0.85951936 0.7184098 ],5.0,0.77010727,0.1314868927001953
68,[0.20270208 0.36787835 0.31843266 0.5171331 ],7.0,0.98344433,0.1314868927001953
69,[0.2006769  0.36962783 0.31685594 0.5151755 ],7.0,0.9788739,0.11701273918151855
70,[0.63158715 0.3600402  0.8390136  0.7627361 ],5.0,0.79743,0.11863970756530762
70,[0.19688626 0.3661243  0.31656438 0.51085377],7.0,0.9173225,0.11863970756530762
70,[0.06310809 0.40330845 0.23380533 0.63229424],7.0,0.5252217,0.11863970756530762
71,[0.62566555 0.3617591  0.8152994  0.7274467 ],5.0,0.9015805,0.11559414863586426
71,[0.19024137 0.35771278 0.29969192 0.4977118 ],7.0,0.97581816,0.11559414863586426
72,[0.18500915 0.34774554 0.2995107  0.4914871 ],7.0,0.880884,0.1154022216796875
73,[0.03494844 0.36133027 0.21394283 0.6082103 ],5.0,0.62074435,0.11790895462036133
73,[0.18384966 0.33607477 0.30295566 0.48542947],7.0,0.7674338,0.11790895462036133
73,[0.52037525 0.28392065 0.6486238  0.5354569 ],7.0,0.40616918,0.11790895462036133
73,[0.6200416  0.31153408 0.8207203  0.68150866],7.0,0.30727524,0.11790895462036133
74,[0.03870171 0.35460582 0.21589693 0.6056905 ],5.0,0.5710366,0.12642359733581543
74,[0.61494607 0.3598873  0.805697   0.7166565 ],6.0,0.4781551,0.12642359733581543
74,[0.18593244 0.33574957 0.30405515 0.48773295],7.0,0.9092506,0.12642359733581543
75,[0.18616766 0.32797498 0.299294   0.47381455],7.0,0.9710896,0.13277983665466309
75,[0.6145702 0.382406  0.8094421 0.7092012],7.0,0.3334261,0.13277983665466309
75,[0.86228555 0.6817261  1.0118104  0.8932177 ],8.0,0.77861476,0.13277983665466309
75,[0.0363258  0.3617366  0.22464587 0.6010684 ],9.0,0.6493511,0.13277983665466309
76,[0.62318045 0.33851084 0.8045637  0.65667284],5.0,0.3655544,0.1305687427520752
76,[0.1861827  0.3258722  0.30028594 0.46382758],7.0,0.81181794,0.1305687427520752
76,[0.62802535 0.3430374  0.80667275 0.6363504 ],7.0,0.44782123,0.1305687427520752
76,[0.84920025 0.6602689  1.0103706  0.883095  ],8.0,0.79465544,0.1305687427520752
77,[0.60817695 0.3176589  0.8094932  0.68367076],5.0,0.41062436,0.12317943572998047
77,[0.18413962 0.3193479  0.30182117 0.4585375 ],7.0,0.8547856,0.12317943572998047
77,[0.04225963 0.3508333  0.22635362 0.57790244],7.0,0.4424812,0.12317943572998047
77,[0.04723166 0.3531176  0.22483815 0.5730824 ],9.0,0.41013715,0.12317943572998047
78,[0.50454795 0.2737465  0.58708704 0.5042439 ],5.0,0.3256147,0.12664437294006348
78,[0.60753167 0.30002052 0.80542636 0.6289622 ],6.0,0.43132302,0.12664437294006348
78,[0.18484245 0.306964   0.29962838 0.44703993],7.0,0.74019486,0.12664437294006348
78,[0.05056298 0.33493885 0.2254855  0.56957954],7.0,0.3564198,0.12664437294006348
78,[0.05103381 0.34067148 0.22510616 0.56150234],9.0,0.34029472,0.12664437294006348
79,[0.61287415 0.29283082 0.799263   0.6221358 ],5.0,0.8748263,0.114105224609375
79,[0.0483303  0.33464766 0.21698475 0.581481  ],5.0,0.71313614,0.114105224609375
79,[0.18711779 0.30829614 0.29713616 0.4435615 ],7.0,0.94810355,0.114105224609375
79,[0.05330934 0.33192202 0.22292401 0.5719471 ],7.0,0.3769583,0.114105224609375
79,[0.05422675 0.33925444 0.2237407  0.5685193 ],9.0,0.33890706,0.114105224609375
81,[0.59106123 0.30253148 0.77552176 0.6481343 ],5.0,0.44384372,0.13235878944396973
81,[0.49071935 0.26279706 0.60680884 0.5098671 ],5.0,0.42782044,0.13235878944396973
81,[0.17398149 0.31266987 0.2835561  0.440256  ],7.0,0.50368595,0.13235878944396973
82,[0.49582157 0.26326177 0.6020723  0.50909674],5.0,0.44542554,0.1210784912109375
82,[0.16564937 0.3094011  0.28095043 0.45454198],7.0,0.9455334,0.1210784912109375
82,[0.03730562 0.3410138  0.20808154 0.5597478 ],7.0,0.46339053,0.1210784912109375
83,[0.16547234 0.30982012 0.28006956 0.44233423],7.0,0.8608404,0.11965060234069824
84,[0.16228053 0.3081215  0.2760854  0.4607383 ],7.0,0.625677,0.11262679100036621
85,[0.5858114  0.30188665 0.77084315 0.66522896],5.0,0.77524525,0.11552810668945312
85,[0.4837045  0.27641523 0.5584542  0.49194717],15.0,0.64240307,0.11552810668945312
86,[0.15403832 0.31198943 0.26361308 0.4774384 ],7.0,0.4728063,0.14084124565124512
86,[0.02384024 0.3311559  0.18433663 0.55203855],9.0,0.8056747,0.14084124565124512
87,[0.5779241  0.29597187 0.737719   0.58874273],5.0,0.916261,0.12175798416137695
87,[0.46894515 0.26543483 0.5403007  0.4939805 ],5.0,0.4789453,0.12175798416137695
87,[0.14947851 0.31158012 0.26588392 0.46857125],7.0,0.7709381,0.12175798416137695
87,[0.02149186 0.3366784  0.17761447 0.55004764],9.0,0.30811083,0.12175798416137695
88,[0.46598214 0.2767539  0.5414576  0.48853558],5.0,0.6903663,0.12268853187561035
88,[0.16702098 0.33343095 0.27848482 0.7538008 ],5.0,0.343791,0.12268853187561035
88,[0.02292218 0.3355239  0.17221108 0.5520204 ],7.0,0.44059318,0.12268853187561035
88,[0.5808448  0.2882133  0.69956416 0.3885594 ],9.0,0.34861037,0.12268853187561035
89,[0.5744141  0.29439518 0.73243994 0.57644   ],5.0,0.58009064,0.11280465126037598
89,[0.15814047 0.32281542 0.2783149  0.7392185 ],5.0,0.39691204,0.11280465126037598
89,[0.02047487 0.34088755 0.17002672 0.54566985],7.0,0.30208963,0.11280465126037598
90,[0.57472056 0.30958962 0.72784466 0.582235  ],5.0,0.72832185,0.12054133415222168
90,[0.14519991 0.31529453 0.25584736 0.47132394],7.0,0.79321724,0.12054133415222168
91,[0.01227525 0.35038233 0.16123419 0.55581427],7.0,0.6673257,0.1020822525024414
91,[0.13407874 0.3180878  0.2540941  0.4426073 ],7.0,0.6342995,0.1020822525024414
91,[0.01223413 0.35255316 0.16158682 0.5498445 ],9.0,0.44774935,0.1020822525024414
91,[0.6884036  0.56663346 0.99519503 0.9242735 ],9.0,0.33106673,0.1020822525024414
92,[0.01102317 0.3489834  0.16307044 0.5568458 ],7.0,0.8258959,0.11200356483459473
92,[0.68953395 0.52283084 0.98739004 0.90349114],9.0,0.64888215,0.11200356483459473
92,[0.44054168 0.28829417 0.5214542  0.5036071 ],10.0,0.3353076,0.11200356483459473
93,[0.12265363 0.3169753  0.2375212  0.45975006],7.0,0.6149352,0.12346625328063965
93,[0.01261192 0.34721726 0.15972927 0.55818063],7.0,0.35399762,0.12346625328063965
93,[0.01168428 0.35024637 0.16088064 0.55426234],9.0,0.5320991,0.12346625328063965
93,[0.67841524 0.5637867  0.97412366 0.858131  ],9.0,0.41786566,0.12346625328063965
94,[0.12125835 0.31428    0.23962358 0.47947833],7.0,0.9136095,0.11449670791625977
94,[0.01320253 0.346934   0.15228195 0.5606451 ],7.0,0.58193994,0.11449670791625977
95,[0.01057662 0.34997246 0.15527126 0.54856384],7.0,0.4622763,0.11752462387084961
95,[0.46406925 0.9110146  0.8029977  1.0023822 ],9.0,0.30888847,0.11752462387084961
96,[0.5375975  0.32102    0.69407266 0.5606927 ],5.0,0.6196096,0.1226191520690918
96,[0.11766332 0.32498777 0.22728693 0.4665714 ],7.0,0.58627397,0.1226191520690918
96,[0.1258708  0.2961474  0.43758807 0.6627787 ],7.0,0.43280047,0.1226191520690918
97,[0.11547808 0.32471514 0.22304462 0.468769  ],7.0,0.78601503,0.11728453636169434
97,[0.01316328 0.34791568 0.14030975 0.55877924],7.0,0.37537467,0.11728453636169434
98,[0.5363029  0.32253575 0.67489254 0.6134484 ],5.0,0.4976438,0.12158870697021484
98,[0.1178844  0.32682607 0.21973339 0.46939197],7.0,0.92954314,0.12158870697021484
98,[0.18413517 0.2967804  0.41706446 0.5834314 ],7.0,0.57552356,0.12158870697021484
98,[0.00429837 0.33653057 0.13183403 0.5236275 ],9.0,0.5180043,0.12158870697021484
99,[0.11552569 0.32722613 0.21900818 0.48021105],7.0,0.90545285,0.130662202835083
99,[0.01151441 0.34996396 0.14245729 0.5514802 ],7.0,0.4396503,0.130662202835083
99,[0.16456392 0.30049694 0.41669032 0.6038303 ],7.0,0.35149872,0.130662202835083
100,[0.11283241 0.3243127  0.21820395 0.4774952 ],7.0,0.8786009,0.11644530296325684
100,[0.19167465 0.29343542 0.40375274 0.607849  ],7.0,0.7776056,0.11644530296325684
101,[0.12023123 0.33295965 0.21801291 0.4820403 ],7.0,0.82980967,0.12058258056640625
101,[0.00913842 0.3589135  0.14682235 0.54866636],7.0,0.62745637,0.12058258056640625
102,[0.12115543 0.33711994 0.22077522 0.48270887],7.0,0.9765738,0.11525368690490723
102,[0.01148217 0.36000618 0.15245101 0.5587249 ],7.0,0.92136854,0.11525368690490723
103,[0.01600033 0.35767055 0.15987274 0.557602  ],7.0,0.5871494,0.12034821510314941
103,[0.12625511 0.33163732 0.22147866 0.51275235],7.0,0.5090559,0.12034821510314941
103,[0.17502952 0.33829993 0.44095975 0.61437726],7.0,0.3170943,0.12034821510314941
103,[0.61662257 0.5434727  0.87580943 0.83950716],9.0,0.9537102,0.12034821510314941
103,[0.01428291 0.35960194 0.15534559 0.55938005],9.0,0.33717704,0.12034821510314941
104,[0.12307276 0.33014727 0.22504328 0.5065712 ],7.0,0.7475463,0.11833620071411133
104,[0.01483189 0.35921332 0.15788615 0.5540004 ],7.0,0.7299396,0.11833620071411133
105,[0.12451145 0.3301556  0.22445998 0.49461627],7.0,0.8254821,0.12085986137390137
105,[0.01650616 0.35734567 0.15673715 0.5609216 ],7.0,0.53623116,0.12085986137390137
105,[0.18605217 0.3129156  0.44295177 0.58443785],7.0,0.45301765,0.12085986137390137
105,[0.01248294 0.35832283 0.15923251 0.5589453 ],9.0,0.9488044,0.12085986137390137
106,[0.12508899 0.33122155 0.22302306 0.48675045],7.0,0.889812,0.1229557991027832
106,[0.21360648 0.38863415 0.36426353 0.6750776 ],7.0,0.34417808,0.1229557991027832
106,[0.6007316  0.5291618  0.85984254 0.8771286 ],9.0,0.5590547,0.1229557991027832
107,[0.12493254 0.3344436  0.21688573 0.4654794 ],7.0,0.87598795,0.1182703971862793
107,[0.01039337 0.34505978 0.14623183 0.5301181 ],7.0,0.39934117,0.1182703971862793
107,[0.01215986 0.36058524 0.14905429 0.56245637],9.0,0.45151448,0.1182703971862793
108,[0.12598266 0.33826616 0.21744524 0.46473375],7.0,0.490875,0.1177828311920166
108,[0.5898713  0.53137034 0.845775   0.80071455],9.0,0.9156198,0.1177828311920166
108,[0.01542252 0.3616395  0.14117396 0.5857315 ],9.0,0.3428381,0.1177828311920166
109,[0.12560116 0.33729398 0.21798398 0.47162253],7.0,0.53738314,0.1236259937286377
109,[0.01515364 0.35900342 0.14482254 0.5736204 ],9.0,0.40597358,0.1236259937286377
111,[0.25617754 0.3675823  0.42621922 0.60259753],7.0,0.6923825,0.11766743659973145
111,[0.18351862 0.37533695 0.37133148 0.6236951 ],7.0,0.48606178,0.11766743659973145
111,[0.6049622  0.57186496 1.0945957  1.1041244 ],9.0,0.4679071,0.11766743659973145
111,[0.01570912 0.3646078  0.14288354 0.63550186],9.0,0.41732493,0.11766743659973145
112,[0.20198368 0.3587224  0.41214645 0.61130947],7.0,0.7350588,0.11234807968139648
112,[0.5580229  0.51437795 0.81439704 0.8363706 ],9.0,0.37776956,0.11234807968139648
113,[0.15141857 0.3972453  0.3919506  0.6497991 ],7.0,0.7366115,0.11903548240661621
113,[0.56138253 0.50824225 0.80880404 0.8605143 ],9.0,0.7026603,0.11903548240661621
113,[0.01405071 0.369419   0.18894187 0.5857028 ],9.0,0.4317418,0.11903548240661621
114,[0.14167356 0.39583856 0.36596322 0.6525087 ],7.0,0.6387603,0.12253189086914062
114,[0.210599   0.37651196 0.44853216 0.60884595],7.0,0.31484365,0.12253189086914062
114,[0.5649034  0.51591355 0.81160736 0.8134355 ],9.0,0.99549556,0.12253189086914062
115,[0.14540651 0.35003048 0.44043872 0.61721176],7.0,0.6142873,0.12166547775268555
115,[0.55649906 0.5211741  0.8060569  0.81596375],9.0,0.95440453,0.12166547775268555
115,[0.01738816 0.3760081  0.13440886 0.55664796],9.0,0.54939276,0.12166547775268555
116,[0.23843768 0.42211533 0.42096922 0.6164775 ],7.0,0.6563458,0.11725091934204102
116,[0.16015488 0.41417554 0.37723887 0.65309495],7.0,0.45275027,0.11725091934204102
116,[0.01875242 0.39729756 0.1428509  0.5915945 ],7.0,0.30273315,0.11725091934204102
117,[0.2055789  0.42439464 0.42580512 0.62828827],7.0,0.91950125,0.12398004531860352
117,[0.56171113 0.5263084  0.78690666 0.83682597],9.0,0.7280903,0.12398004531860352
118,[0.17714003 0.4133128  0.41785178 0.6768664 ],7.0,0.59115726,0.10999631881713867
118,[0.0259651  0.40645337 0.14398944 0.5944798 ],7.0,0.49170187,0.10999631881713867
118,[0.5465332  0.5292101  0.79777503 0.8300246 ],9.0,0.5120011,0.10999631881713867
119,[0.16353582 0.42173815 0.41747653 0.66109645],7.0,0.66560656,0.1179964542388916
119,[0.5496036  0.5211477  0.7869773  0.84138954],9.0,0.5329615,0.1179964542388916
120,[0.02543339 0.41562325 0.14420962 0.608735  ],7.0,0.44123667,0.11953210830688477
120,[0.21089156 0.43924373 0.4304514  0.6438529 ],7.0,0.43456554,0.11953210830688477
120,[0.42545915 0.39104867 0.49988413 0.5614786 ],15.0,0.47230804,0.11953210830688477
121,[0.02057225 0.43234533 0.15033941 0.64353997],7.0,0.778637,0.13570499420166016
121,[0.15532008 0.42116156 0.40805116 0.6887442 ],7.0,0.61886483,0.13570499420166016
122,[0.11032881 0.42140576 0.3654517  0.7058934 ],7.0,0.61871696,0.12716269493103027
122,[0.01470352 0.42799425 0.14437634 0.6623106 ],7.0,0.51248646,0.12716269493103027
122,[0.5262873  0.5284758  0.74991906 0.8356299 ],9.0,0.49866408,0.12716269493103027
123,[0.11099982 0.42986602 0.3656997  0.71265036],7.0,0.40776286,0.13047051429748535
123,[0.01862455 0.42841262 0.13340095 0.6124373 ],7.0,0.39336637,0.13047051429748535
124,[0.12391027 0.43683207 0.36214915 0.7203665 ],7.0,0.8617344,0.12427139282226562
124,[0.02151567 0.43303776 0.1327748  0.61141276],7.0,0.59707516,0.12427139282226562
124,[0.42281407 0.4032286  0.49128878 0.567281  ],15.0,0.33852506,0.12427139282226562
125,[0.02444596 0.436473   0.1411512  0.61342144],7.0,0.7625385,0.11650562286376953
125,[0.5137349  0.5263052  0.74541324 0.8094282 ],9.0,0.7890089,0.11650562286376953
125,[0.421606   0.40228096 0.49637192 0.57066196],15.0,0.34784898,0.11650562286376953
126,[0.15927726 0.41976297 0.3785693  0.69289804],7.0,0.6741726,0.1380631923675537
126,[0.5207039  0.52771246 0.7447262  0.79415596],9.0,0.8897252,0.1380631923675537
127,[0.16064003 0.43234253 0.37266728 0.69359624],7.0,0.806705,0.11369895935058594
128,[0.31674898 0.43037567 0.4410289  0.6287618 ],5.0,0.3836105,0.12884116172790527
128,[0.15461172 0.4247753  0.37700886 0.69258434],7.0,0.6273047,0.12884116172790527
129,[0.16084746 0.4207303  0.37564334 0.6984461 ],7.0,0.7730038,0.11781835556030273
129,[0.33290756 0.4516275  0.45390952 0.64603937],7.0,0.44649622,0.11781835556030273
130,[0.15180732 0.42585248 0.38461542 0.6974533 ],7.0,0.37930605,0.12030625343322754
130,[0.52421486 0.5160664  0.7357402  0.777903  ],9.0,0.64104956,0.12030625343322754
131,[0.34522697 0.44890022 0.4667165  0.649775  ],7.0,0.8823728,0.12676405906677246
131,[0.1773043  0.4118616  0.36243346 0.7161023 ],7.0,0.82916456,0.12676405906677246
131,[0.18334872 0.42404813 0.35901135 0.7314642 ],15.0,0.66750187,0.12676405906677246
132,[0.34799448 0.4426519  0.46454462 0.6423478 ],5.0,0.31021795,0.1327664852142334
132,[0.15180413 0.4312768  0.43375528 0.7102231 ],7.0,0.35804746,0.1327664852142334
133,[0.3128852  0.42470005 0.44048634 0.6296822 ],7.0,0.49415523,0.12177896499633789
133,[0.12779617 0.43218297 0.43383598 0.70603234],7.0,0.43772924,0.12177896499633789
134,[0.15932111 0.42724425 0.36307788 0.7254234 ],7.0,0.5506618,0.11672472953796387
134,[0.31416577 0.4245032  0.44257313 0.6271814 ],7.0,0.39631745,0.11672472953796387
135,[0.31396875 0.4349304  0.43756345 0.6216691 ],5.0,0.36010367,0.1228032112121582
135,[0.50650954 0.44514042 0.7184446  0.76356596],9.0,0.30686972,0.1228032112121582
136,[0.08558992 0.4168329  0.33398935 0.7231158 ],7.0,0.53600174,0.1269974708557129
137,[0.1356072  0.41032445 0.327599   0.7255666 ],7.0,0.6327933,0.11668133735656738
137,[0.0318213  0.448497   0.13553949 0.6089099 ],7.0,0.3701354,0.11668133735656738
138,[0.08421966 0.3966844  0.36213794 0.6871507 ],7.0,0.32747546,0.12466239929199219
140,[0.02389862 0.44776845 0.12911493 0.606675  ],7.0,0.41438058,0.1312408447265625
141,[0.11994814 0.38997838 0.32385883 0.6950338 ],5.0,0.74064523,0.12329268455505371
142,[0.14244664 0.39395976 0.32206064 0.7342348 ],5.0,0.50767356,0.1250154972076416
143,[0.13493514 0.3918985  0.31990778 0.6921903 ],5.0,0.5558817,0.12230658531188965
145,[0.28944194 0.43031853 0.41675538 0.6016652 ],7.0,0.6496251,0.11957573890686035
145,[0.13539636 0.40260726 0.30639726 0.72467655],7.0,0.4721949,0.11957573890686035
145,[0.02896671 0.44856575 0.12266086 0.5966911 ],7.0,0.34721568,0.11957573890686035
146,[0.02953583 0.45487496 0.11487797 0.5925845 ],7.0,0.77303636,0.1252608299255371
146,[0.12046352 0.40731943 0.29937145 0.78195405],7.0,0.40386847,0.1252608299255371
146,[0.28299534 0.43414205 0.41013098 0.60785574],7.0,0.31987005,0.1252608299255371
147,[0.02639178 0.45371723 0.11608998 0.5922153 ],7.0,0.8011586,0.12421774864196777
147,[0.12718405 0.40391874 0.30291247 0.66587675],7.0,0.43533388,0.12421774864196777
148,[0.0224956  0.4371827  0.11456636 0.5839969 ],7.0,0.44392753,0.11120367050170898
149,[0.02604974 0.4447413  0.11722551 0.593509  ],7.0,0.5857863,0.11772847175598145
150,[0.02428455 0.43841496 0.11282244 0.57750386],7.0,0.3384442,0.11981320381164551
151,[0.59919024 0.5800768  0.68335295 0.92415416],5.0,0.3550387,0.11709260940551758
151,[0.12816295 0.37176213 0.32357815 0.6375668 ],7.0,0.85063183,0.11709260940551758
151,[0.27119166 0.41126075 0.4166264  0.57375175],7.0,0.45130613,0.11709260940551758
152,[0.59517944 0.5584999  0.677729   0.9060809 ],5.0,0.86089593,0.11737608909606934
152,[0.29570958 0.39085168 0.4482403  0.5955596 ],7.0,0.7959805,0.11737608909606934
152,[0.01831862 0.4077233  0.10553055 0.56517   ],7.0,0.75443417,0.11737608909606934
152,[0.12769711 0.3844781  0.3014626  0.6478287 ],7.0,0.7119356,0.11737608909606934
153,[0.59345794 0.56236804 0.6756809  0.88400424],5.0,0.4983753,0.11973333358764648
153,[0.28245056 0.39077163 0.4146558  0.5718425 ],7.0,0.5356939,0.11973333358764648
153,[0.02426172 0.41705084 0.11441387 0.5593832 ],7.0,0.4942513,0.11973333358764648
154,[0.02362644 0.42357278 0.11450525 0.55962265],7.0,0.5409269,0.1258866786956787
154,[0.1440446  0.37371355 0.30363208 0.6236867 ],7.0,0.4497155,0.1258866786956787
154,[0.28159255 0.38973647 0.41627502 0.57055396],7.0,0.36853185,0.1258866786956787
155,[0.02856701 0.4156046  0.11585669 0.558744  ],7.0,0.44264966,0.12798833847045898
155,[0.2805397  0.38342854 0.41932184 0.5642939 ],7.0,0.3102818,0.12798833847045898
156,[0.31865448 0.3760013  0.44715017 0.5714055 ],5.0,0.3272414,0.11671566963195801
156,[0.15601046 0.36530042 0.31207502 0.5725829 ],7.0,0.7418913,0.11671566963195801
156,[0.0398931  0.3980345  0.12361828 0.54504025],7.0,0.32812566,0.11671566963195801
156,[0.10295269 0.6415086  0.6151806  1.1196308 ],9.0,0.5857116,0.11671566963195801
157,[0.15088695 0.35668084 0.31297135 0.56903684],7.0,0.95607513,0.12518930435180664
157,[0.04320391 0.39579153 0.1288844  0.54045796],7.0,0.40397757,0.12518930435180664
157,[0.26879668 0.36447358 0.4429313  0.5619885 ],7.0,0.36535904,0.12518930435180664
158,[0.14613101 0.35783952 0.3131256  0.57465416],7.0,0.9806143,0.1208028793334961
158,[0.31475627 0.3673938  0.45756578 0.5631174 ],7.0,0.45268756,0.1208028793334961
158,[0.04690861 0.38356704 0.13148537 0.5340473 ],7.0,0.34855935,0.1208028793334961
158,[0.49821025 0.4451064  0.7399406  0.89253676],15.0,0.6344866,0.1208028793334961
159,[0.32053643 0.36790586 0.4515683  0.5629717 ],5.0,0.576403,0.11364221572875977
159,[0.14601144 0.36033615 0.31234625 0.5715075 ],7.0,0.9976482,0.11364221572875977
159,[0.3157186  0.3689577  0.45432025 0.56521785],7.0,0.7056386,0.11364221572875977
159,[0.04667573 0.3796804  0.1297044  0.53445435],7.0,0.3980628,0.11364221572875977
160,[0.14589769 0.3583885  0.32109174 0.5606597 ],7.0,0.9638164,0.12395453453063965
160,[0.04662299 0.38225502 0.13228518 0.5374782 ],7.0,0.5064058,0.12395453453063965
160,[0.28589714 0.36598927 0.44417077 0.56324327],7.0,0.39681548,0.12395453453063965
160,[0.09486711 0.6294055  0.5516152  1.0954818 ],9.0,0.6599913,0.12395453453063965
161,[0.31066906 0.36056426 0.44245547 0.5422032 ],7.0,0.5229363,0.12687110900878906
162,[0.3183123  0.35230237 0.44714183 0.52774405],7.0,0.78989,0.12679004669189453
163,[0.3158183  0.3538818  0.45070308 0.5244357 ],7.0,0.822632,0.11747217178344727
164,[0.31613252 0.35375142 0.44858304 0.5244012 ],7.0,0.88890857,0.12063431739807129
164,[0.17688099 0.34845442 0.33631608 0.5485452 ],7.0,0.871073,0.12063431739807129
164,[0.58959794 0.35712874 0.6867286  0.49229366],7.0,0.36786982,0.12063431739807129
165,[0.1748155  0.35571814 0.33862737 0.54713655],7.0,0.45100284,0.1201014518737793
165,[0.31705385 0.3469165  0.45016092 0.5227459 ],7.0,0.38560838,0.1201014518737793
166,[0.32876965 0.34530452 0.45193776 0.51463   ],7.0,0.55366653,0.11836886405944824
166,[0.1620113  0.34964967 0.25181186 0.5214589 ],15.0,0.47630942,0.11836886405944824
170,[0.57758677 0.49017167 0.64838576 0.7435943 ],5.0,0.3699819,0.11556172370910645
170,[0.17271112 0.34684703 0.35205632 0.5279743 ],7.0,0.5588639,0.11556172370910645
170,[0.3545873 0.3510614 0.4785457 0.5317263],7.0,0.35052514,0.11556172370910645
172,[0.6052763  0.36432493 0.6979051  0.47906017],7.0,0.3463713,0.12251496315002441
173,[0.16511647 0.3352884  0.24992435 0.48810148],15.0,0.31546977,0.10830354690551758
176,[0.11326822 0.34699017 0.3495085  0.83647794],5.0,0.3904126,0.12736773490905762
176,[0.1039069  0.58799666 0.6608205  1.1195095 ],8.0,0.3050094,0.12736773490905762
177,[0.12198497 0.3399633  0.33380276 0.8362607 ],5.0,0.31392273,0.12334513664245605
178,[0.08556861 0.34131762 0.17053458 0.5375069 ],8.0,0.31690103,0.1260392665863037
179,[0.13016179 0.3364954  0.3444003  0.85596263],5.0,0.5271165,0.12401199340820312
182,[0.3702294  0.69433856 0.889086   1.1169903 ],9.0,0.3267388,0.12366223335266113
183,[0.61404437 0.34875533 0.7069029  0.46488568],7.0,0.30403563,0.1255049705505371
186,[0.59279704 0.58734274 0.8586559  0.85305214],9.0,0.46195263,0.12948298454284668
187,[0.21898332 0.32165936 0.36390856 0.49946263],7.0,0.52713597,0.1195220947265625
188,[0.16915186 0.31365776 0.36985254 0.7592827 ],5.0,0.4338108,0.11742591857910156
189,[0.17400606 0.32669422 0.36546046 0.7141483 ],5.0,0.34682152,0.11463522911071777
189,[0.00959112 0.31845433 0.17615397 0.5321306 ],9.0,0.5085932,0.11463522911071777
190,[0.17428455 0.3106878  0.3669007  0.7587192 ],5.0,0.30313578,0.12595129013061523
190,[0.00986784 0.31588662 0.17574787 0.5300502 ],9.0,0.67467225,0.12595129013061523
191,[0.00914264 0.31817144 0.17815065 0.5380766 ],9.0,0.68645924,0.11415815353393555
193,[0.01063457 0.31101456 0.15850115 0.5189978 ],9.0,0.6190274,0.12860703468322754
193,[0.12665477 0.5860828  0.6388289  1.0957112 ],9.0,0.47638065,0.12860703468322754
194,[0.01197274 0.30930674 0.1867403  0.5199104 ],9.0,0.7728723,0.12403559684753418
195,[0.01166151 0.3078485  0.17384808 0.5198815 ],9.0,0.79406804,0.11813473701477051
196,[0.01094269 0.30406973 0.16485459 0.52324116],7.0,0.5896495,0.1271955966949463
197,[0.00890248 0.30057168 0.16158082 0.53012437],7.0,0.8012131,0.12265920639038086
197,[0.18841112 0.35508466 0.3592468  0.5617309 ],7.0,0.32792616,0.12265920639038086
198,[0.01131646 0.30107737 0.17248684 0.51874936],7.0,0.9861807,0.12458205223083496
199,[0.0118445  0.29775327 0.17891337 0.51715374],7.0,0.6484088,0.11411523818969727
200,[0.01120136 0.29843357 0.1686419  0.51803786],7.0,0.9075272,0.11610102653503418
201,[0.18351567 0.3733154  0.35240364 0.74210864],5.0,0.36751747,0.12207436561584473
201,[0.01173265 0.29656777 0.1699661  0.51078176],7.0,0.9216969,0.12207436561584473
202,[0.01151754 0.29172474 0.19157973 0.5022322 ],7.0,0.9983967,0.11653614044189453
203,[0.01300393 0.28860056 0.19263254 0.5000932 ],7.0,0.99886584,0.12665128707885742
203,[0.54496473 0.4669071  0.77588814 0.6799123 ],7.0,0.624671,0.12665128707885742
204,[0.01741773 0.28866503 0.18966846 0.50175226],7.0,0.9959485,0.1176609992980957
204,[0.53794026 0.4661836  0.7847122  0.73537594],9.0,0.40113482,0.1176609992980957
205,[0.01183017 0.28853333 0.18104245 0.49741983],7.0,0.9384562,0.11389565467834473
206,[0.01017753 0.28762326 0.18290794 0.49551216],7.0,0.85728866,0.1294848918914795
206,[0.5303354  0.45312345 0.7572702  0.710289  ],7.0,0.51012605,0.1294848918914795
207,[0.01135875 0.29151288 0.14075476 0.50470084],9.0,0.47068045,0.1153411865234375
208,[0.5155911  0.44302675 0.72898406 0.6425506 ],6.0,0.3944164,0.13016009330749512
208,[0.51365817 0.4462623  0.7270322  0.63693815],7.0,0.6187015,0.13016009330749512
208,[0.01065475 0.29123858 0.14953157 0.5034292 ],7.0,0.61606723,0.13016009330749512
208,[0.1788263  0.30346352 0.3657535  0.4804818 ],7.0,0.48527244,0.13016009330749512
209,[0.17442459 0.30774105 0.3448072  0.4862274 ],7.0,0.946948,0.12506413459777832
209,[0.49424416 0.43771797 0.7183073  0.68130416],7.0,0.85447896,0.12506413459777832
209,[0.01104205 0.29170197 0.1579659  0.49962848],7.0,0.39965016,0.12506413459777832
209,[0.01104205 0.29170197 0.1579659  0.49962848],9.0,0.48148707,0.12506413459777832
210,[0.00930556 0.2970365  0.16553664 0.4983004 ],7.0,0.9845663,0.12395906448364258
210,[0.49162555 0.44220293 0.72176397 0.7099159 ],7.0,0.9629867,0.12395906448364258
211,[0.4852459  0.42824835 0.71734536 0.7092003 ],5.0,0.30926418,0.10769891738891602
211,[0.0087036  0.2959848  0.16373742 0.49940866],7.0,0.9912827,0.10769891738891602
211,[0.18221325 0.30576152 0.35179102 0.4737267 ],7.0,0.7943138,0.10769891738891602
211,[0.48894417 0.4328803  0.71354616 0.70606995],7.0,0.6663825,0.10769891738891602
212,[0.49510452 0.40904126 0.6856178  0.6738162 ],7.0,0.8567362,0.12129092216491699
212,[0.00936235 0.30041286 0.13790709 0.49396673],7.0,0.803732,0.12129092216491699
212,[0.16853555 0.30504942 0.3599487  0.46035773],7.0,0.6812118,0.12129092216491699
213,[0.45760724 0.30268356 0.68601906 0.60305774],6.0,0.3061856,0.1328427791595459
213,[0.01124568 0.29925644 0.1347234  0.4938296 ],7.0,0.69865465,0.1328427791595459
213,[0.16678262 0.305684   0.34570044 0.47090384],7.0,0.65604305,0.1328427791595459
214,[0.47532383 0.39775962 0.6874708  0.70590574],7.0,0.8333233,0.11736536026000977
214,[0.01155212 0.30006665 0.14028332 0.4965763 ],7.0,0.6574774,0.11736536026000977
214,[0.00237707 0.2780816  0.1149525  0.47487366],9.0,0.34260336,0.11736536026000977
215,[0.4713708  0.31557858 0.6870334  0.6576425 ],6.0,0.5920599,0.1275777816772461
215,[0.00906096 0.29841322 0.13898924 0.49605638],7.0,0.7544552,0.1275777816772461
215,[0.48009968 0.35686204 0.68781996 0.6761582 ],7.0,0.56323874,0.1275777816772461
216,[0.4549351  0.32975504 0.68612134 0.6401063 ],6.0,0.30331355,0.12224173545837402
216,[0.00930139 0.29938537 0.14441836 0.49965304],7.0,0.8021267,0.12224173545837402
216,[0.16649829 0.30917367 0.35787654 0.4696147 ],7.0,0.72159445,0.12224173545837402
216,[0.46745738 0.3477549  0.67961186 0.65523916],7.0,0.69645035,0.12224173545837402
216,[0.00253703 0.28097618 0.11821532 0.4776461 ],9.0,0.45297658,0.12224173545837402
217,[0.0101191  0.30154455 0.13051689 0.4993295 ],7.0,0.8132723,0.1198570728302002
217,[0.1785606  0.3038876  0.36701024 0.4497661 ],7.0,0.6602585,0.1198570728302002
217,[0.00431024 0.27742222 0.12285016 0.47941574],9.0,0.4745582,0.1198570728302002
218,[0.46228814 0.39487764 0.6821401  0.669088  ],7.0,0.7940604,0.11700272560119629
218,[0.0099241  0.30084726 0.13452029 0.5020367 ],7.0,0.7530382,0.11700272560119629
218,[0.0035471  0.2786296  0.12434125 0.47370732],9.0,0.66117054,0.11700272560119629
219,[0.00937112 0.29675543 0.14107627 0.49600834],7.0,0.8231714,0.13660097122192383
219,[0.47669885 0.4051529  0.67158353 0.6118913 ],7.0,0.42662877,0.13660097122192383
220,[0.00970691 0.2953261  0.13963583 0.49810296],7.0,0.48047093,0.12147808074951172
220,[0.15396369 0.31116027 0.43919295 0.70874983],7.0,0.3101756,0.12147808074951172
220,[0.00493309 0.2760177  0.12332031 0.46367666],9.0,0.4459874,0.12147808074951172
221,[0.48473126 0.39333197 0.67317945 0.58919245],7.0,0.7748038,0.1181955337524414
221,[0.15914328 0.31272697 0.43680978 0.70996296],7.0,0.40070182,0.1181955337524414
221,[0.00445316 0.27467847 0.12696892 0.4672935 ],9.0,0.60353357,0.1181955337524414
222,[0.4810855  0.39013153 0.66938305 0.59201115],7.0,0.59573007,0.12911105155944824
222,[0.01759242 0.29581895 0.14269468 0.50838137],9.0,0.80059403,0.12911105155944824
223,[0.48531651 0.38047332 0.6705818  0.5890509 ],7.0,0.9393767,0.11562418937683105
223,[0.19944894 0.29415298 0.3919974  0.43799913],7.0,0.3948543,0.11562418937683105
223,[0.02082805 0.28802556 0.15192415 0.5002716 ],7.0,0.34633937,0.11562418937683105
223,[0.02053345 0.2918917  0.15196472 0.5033505 ],9.0,0.3783388,0.11562418937683105
224,[0.16900752 0.30228567 0.43379116 0.6797532 ],7.0,0.5996026,0.11992335319519043
225,[0.20074886 0.29172754 0.3881982  0.4356758 ],7.0,0.55534333,0.11935162544250488
225,[0.43587524 0.33648303 0.67588633 0.6327729 ],7.0,0.49221745,0.11935162544250488
225,[0.1646892  0.30472338 0.4360568  0.70654416],7.0,0.31560484,0.11935162544250488
226,[0.49211836 0.37414703 0.67635083 0.612749  ],7.0,0.8457881,0.12878632545471191
227,[0.4939369 0.3686484 0.6751647 0.6063477],7.0,0.9834767,0.12540936470031738
227,[0.17508502 0.30041277 0.43397707 0.6376684 ],7.0,0.7248352,0.12540936470031738
227,[0.5848501  0.29511788 0.6872325  0.42461535],9.0,0.33314124,0.12540936470031738
228,[0.24174528 0.36306423 0.49596715 0.75795096],5.0,0.6630961,0.10769295692443848
228,[0.17323796 0.29322237 0.43192    0.70981556],7.0,0.560475,0.10769295692443848
228,[0.1760264  0.32287672 0.4426031  0.7085918 ],9.0,0.43370423,0.10769295692443848
229,[0.1838654  0.29728726 0.4322512  0.6788138 ],5.0,0.57446533,0.12729334831237793
229,[0.4954338  0.35343578 0.6784773  0.61640155],7.0,0.83218247,0.12729334831237793
229,[0.05188271 0.28367656 0.17619732 0.5402898 ],7.0,0.46289146,0.12729334831237793
229,[0.23812643 0.35971063 0.5008297  0.7659336 ],9.0,0.44295472,0.12729334831237793
230,[0.50293994 0.34735876 0.6773188  0.5255985 ],7.0,0.7912766,0.12196183204650879
230,[0.0458049  0.26333752 0.16578434 0.45912662],7.0,0.46948126,0.12196183204650879
230,[0.17794886 0.29537353 0.43658832 0.7179103 ],7.0,0.45655304,0.12196183204650879
230,[0.2458101  0.36295483 0.5122941  0.80262125],9.0,0.5579722,0.12196183204650879
231,[0.49709484 0.35556823 0.674441   0.602328  ],7.0,0.9079438,0.11486601829528809
231,[0.18636318 0.2934502  0.44087058 0.7092804 ],7.0,0.7803646,0.11486601829528809
231,[0.0495389  0.26150876 0.16405267 0.44800097],7.0,0.37915877,0.11486601829528809
231,[0.2498614  0.35613066 0.5073548  0.79889804],9.0,0.9778485,0.11486601829528809
232,[0.191787   0.28816062 0.43637526 0.7208037 ],7.0,0.900898,0.11710858345031738
232,[0.50239    0.32892758 0.6707282  0.5472767 ],7.0,0.85802627,0.11710858345031738
233,[0.50321656 0.3361569  0.6743042  0.55888754],7.0,0.94460326,0.12400007247924805
233,[0.19214359 0.29000506 0.43624797 0.70458627],7.0,0.94458103,0.12400007247924805
233,[0.00221517 0.28750724 0.07785055 0.55066663],7.0,0.3083301,0.12400007247924805
233,[0.37111282 0.73436767 0.8945854  1.1072898 ],8.0,0.43154144,0.12400007247924805
234,[0.5011727  0.32747197 0.6750913  0.558917  ],7.0,0.94157815,0.11610984802246094
234,[0.19223863 0.2948237  0.43855923 0.716548  ],7.0,0.79161334,0.11610984802246094
234,[0.26143962 0.35288993 0.49645334 0.79633725],9.0,0.47783923,0.11610984802246094
234,[0.07569031 0.27892324 0.19784957 0.5015864 ],9.0,0.31443715,0.11610984802246094
235,[0.4992038  0.34047204 0.67361414 0.6096123 ],7.0,0.9353933,0.11895203590393066
235,[0.19325301 0.29066622 0.43800256 0.69230306],7.0,0.82240593,0.11895203590393066
235,[0.00128291 0.29194957 0.08014231 0.53710663],7.0,0.3733905,0.11895203590393066
236,[0.26634488 0.35465893 0.48793122 0.7602087 ],5.0,0.31870863,0.12325859069824219
236,[0.19936857 0.2958297  0.43602344 0.665673  ],6.0,0.49823776,0.12325859069824219
236,[0.5004785  0.3345268  0.6774672  0.56348914],7.0,0.9792239,0.12325859069824219
236,[0.1949786  0.29267246 0.43449128 0.6477441 ],7.0,0.4558236,0.12325859069824219
236,[0.36954868 0.67705625 0.89366424 1.1115806 ],8.0,0.50041264,0.12325859069824219
236,[0.07081314 0.2789728  0.20586956 0.5188113 ],9.0,0.55230033,0.12325859069824219
237,[0.0777621  0.26628643 0.20735765 0.5086478 ],5.0,0.58649415,0.11770057678222656
237,[0.20337787 0.29207176 0.4467235  0.6380622 ],6.0,0.8154737,0.11770057678222656
237,[0.50437504 0.32375968 0.6715848  0.57668364],7.0,0.98321277,0.11770057678222656
237,[0.20780028 0.31579465 0.44494396 0.6463443 ],9.0,0.3591576,0.11770057678222656
238,[0.08288798 0.25659725 0.20750105 0.49501756],5.0,0.6470544,0.11843276023864746
238,[0.2044096  0.28623536 0.44262385 0.6523353 ],6.0,0.86906993,0.11843276023864746
238,[0.5047225  0.31147504 0.6756443  0.56601024],7.0,0.998629,0.11843276023864746
238,[0.08226822 0.2629035  0.21012558 0.49170876],9.0,0.31515592,0.11843276023864746
239,[0.08745046 0.26044616 0.2076676  0.49509165],5.0,0.7877257,0.11584210395812988
239,[0.2040801  0.29047704 0.44028044 0.6788255 ],5.0,0.3433168,0.11584210395812988
239,[0.20084211 0.28605786 0.44186422 0.6721889 ],6.0,0.55793536,0.11584210395812988
239,[0.50591683 0.30098107 0.67512095 0.56294096],7.0,0.93315023,0.11584210395812988
239,[0.20521536 0.29447407 0.45270517 0.6657485 ],9.0,0.6223795,0.11584210395812988
240,[0.08750483 0.25760394 0.20654234 0.48941213],5.0,0.65728354,0.12476634979248047
240,[0.20423658 0.28661883 0.4409799  0.6457735 ],5.0,0.47717345,0.12476634979248047
240,[0.20311818 0.28026858 0.44083413 0.6501937 ],6.0,0.6047829,0.12476634979248047
240,[0.5058666  0.3069445  0.67482823 0.566287  ],7.0,0.98837507,0.12476634979248047
240,[0.21573871 0.28114596 0.43350232 0.5944741 ],7.0,0.33079234,0.12476634979248047
240,[0.20444457 0.30239797 0.44659907 0.65108687],9.0,0.3326256,0.12476634979248047
240,[0.00504376 0.2785076  0.0946185  0.49940372],9.0,0.3257505,0.12476634979248047
241,[0.5076991  0.30330345 0.6726838  0.566157  ],5.0,0.8169966,0.1275501251220703
241,[0.09167907 0.27116996 0.21173361 0.49370682],5.0,0.37612748,0.1275501251220703
241,[0.20669763 0.2861027  0.44462502 0.6418112 ],6.0,0.7710457,0.1275501251220703
241,[0.21652216 0.27920532 0.4454025  0.6493266 ],7.0,0.33312604,0.1275501251220703
241,[0.15285209 0.6187006  0.6747992  1.1191258 ],8.0,0.3769356,0.1275501251220703
241,[0.20607524 0.31686935 0.45432758 0.65462315],9.0,0.8367473,0.1275501251220703
242,[0.50764734 0.31183413 0.6695196  0.5645186 ],5.0,0.6193117,0.12429285049438477
242,[0.21849504 0.2880073  0.45423618 0.6104585 ],9.0,0.32987282,0.12429285049438477
243,[0.10130832 0.27353755 0.21723318 0.49873778],5.0,0.31192097,0.12494516372680664
243,[0.2193245  0.28733587 0.43686077 0.54286027],7.0,0.45577642,0.12494516372680664
243,[0.09765245 0.24503417 0.2060983  0.4367277 ],7.0,0.32746196,0.12494516372680664
243,[0.21798989 0.28764558 0.4404873  0.57136154],9.0,0.43486223,0.12494516372680664
244,[0.21739587 0.28260213 0.43402192 0.5656454 ],7.0,0.77119464,0.11580467224121094
244,[0.09827782 0.24863753 0.20797072 0.43595025],7.0,0.53475636,0.11580467224121094
244,[0.21517965 0.28318346 0.44321522 0.6034359 ],9.0,0.4291475,0.11580467224121094
245,[0.21887022 0.28473538 0.43583155 0.54157686],7.0,0.57229155,0.12001681327819824
245,[0.09823213 0.24749738 0.20806506 0.43913996],7.0,0.4221075,0.12001681327819824
245,[0.214973   0.28953856 0.44532725 0.5847667 ],9.0,0.3272798,0.12001681327819824
246,[0.09818602 0.24708891 0.21219885 0.44082987],7.0,0.7616456,0.12579059600830078
247,[0.09854719 0.2659468  0.23533848 0.49820286],7.0,0.6621647,0.10882234573364258
247,[0.21030644 0.2854221  0.5476035  0.64218557],7.0,0.3123133,0.10882234573364258
248,[0.519731  0.2989694 0.6699266 0.548195 ],5.0,0.49480316,0.12600445747375488
249,[0.11560932 0.2660705  0.24245238 0.49035573],5.0,0.43273392,0.12524890899658203
249,[0.00892302 0.22211236 0.13236465 0.4830708 ],5.0,0.33062562,0.12524890899658203
250,[0.5170152  0.30935407 0.668532   0.5504478 ],5.0,0.48253915,0.11885213851928711
250,[0.11716529 0.26080546 0.2324973  0.4515958 ],7.0,0.34411588,0.11885213851928711
251,[0.01104882 0.22541843 0.12861526 0.48592705],5.0,0.5341257,0.12515950202941895
251,[0.5170374  0.30621418 0.6661819  0.5506353 ],5.0,0.34778753,0.12515950202941895
251,[0.11934921 0.26444367 0.24437213 0.49179295],5.0,0.34526223,0.12515950202941895
252,[0.5184421  0.30371457 0.66617435 0.5518366 ],5.0,0.5513001,0.12701892852783203
252,[0.4450542  0.25354576 0.59675443 0.39668894],7.0,0.35987452,0.12701892852783203
254,[0.24806055 0.27778924 0.45827416 0.47746468],7.0,0.84618956,0.12726211547851562
254,[0.5182797 0.2945349 0.6707307 0.4980553],7.0,0.52676594,0.12726211547851562
255,[0.5249141  0.30611938 0.66923743 0.55634713],5.0,0.8436396,0.11644172668457031
255,[0.12656039 0.2625853  0.24584594 0.4470605 ],7.0,0.37559196,0.11644172668457031
256,[0.51627964 0.30185285 0.67124623 0.5530404 ],5.0,0.4729888,0.12319135665893555
256,[0.2412023  0.28887314 0.48581386 0.5777818 ],7.0,0.53849936,0.12319135665893555
257,[0.52435756 0.30143243 0.6679559  0.5355851 ],5.0,0.80753154,0.12258362770080566
257,[0.32735318 0.57353723 0.9293935  1.145273  ],8.0,0.5425826,0.12258362770080566
258,[0.52418405 0.29977453 0.669956   0.52182305],5.0,0.8994578,0.11784601211547852
258,[0.25058156 0.3160606  0.5038333  0.67032504],9.0,0.725512,0.11784601211547852
259,[0.5277843  0.2917184  0.67185766 0.5262225 ],5.0,0.7272402,0.11303925514221191
259,[0.64876115 0.28599566 0.7653171  0.39976764],7.0,0.4321683,0.11303925514221191
259,[0.24672538 0.28496063 0.49844438 0.68305695],9.0,0.45357767,0.11303925514221191
259,[0.88140744 0.23621622 0.9592648  0.45540288],15.0,0.56048,0.11303925514221191
260,[0.5250553  0.29329142 0.6704973  0.51934063],5.0,0.35569072,0.10636234283447266
260,[0.52406996 0.29038888 0.67497736 0.5085609 ],7.0,0.79536057,0.10636234283447266
260,[0.23501164 0.28737807 0.5038138  0.6810424 ],9.0,0.65873355,0.10636234283447266
260,[0.88082016 0.24214223 0.9550612  0.46245798],15.0,0.54830116,0.10636234283447266
261,[0.527637   0.29194593 0.67025447 0.51190734],5.0,0.95245606,0.11766672134399414
261,[0.65257734 0.290431   0.7743719  0.3976288 ],7.0,0.45004153,0.11766672134399414
261,[0.23365244 0.28555232 0.49777237 0.6812259 ],9.0,0.7278134,0.11766672134399414
261,[0.88248414 0.24707505 0.94981724 0.45407686],15.0,0.5659889,0.11766672134399414
262,[0.52665615 0.27823228 0.6709815  0.5112837 ],5.0,0.3415273,0.11453938484191895
262,[0.5223427  0.26700988 0.6729821  0.50373507],7.0,0.44807887,0.11453938484191895
262,[0.15077686 0.2619282  0.26472387 0.42644525],7.0,0.30450866,0.11453938484191895
262,[0.2586501  0.28508288 0.51337016 0.6547134 ],9.0,0.8338226,0.11453938484191895
263,[0.52684397 0.27654895 0.67169386 0.5064976 ],5.0,0.57701325,0.12592792510986328
263,[0.5246546  0.2729969  0.6777377  0.50323385],7.0,0.41217387,0.12592792510986328
263,[0.2542004  0.28738943 0.49778903 0.65291286],9.0,0.9385377,0.12592792510986328
263,[0.15284161 0.2568975  0.26116025 0.43414378],9.0,0.35300642,0.12592792510986328
264,[0.5317342  0.2640473  0.6767248  0.49395904],5.0,0.42688638,0.12268948554992676
264,[0.2544467  0.28649312 0.50238836 0.6932234 ],9.0,0.7791685,0.12268948554992676
265,[0.529205   0.26495114 0.67557687 0.50057715],5.0,0.9409754,0.12481880187988281
265,[0.25012273 0.28259408 0.5013296  0.66803336],9.0,0.92903197,0.12481880187988281
266,[0.52745956 0.26490867 0.6753909  0.49454963],5.0,0.7393579,0.12005758285522461
266,[0.24163526 0.28069127 0.49464816 0.6942531 ],9.0,0.844019,0.12005758285522461
267,[0.5218288  0.26536512 0.6801175  0.4907843 ],5.0,0.5578207,0.1226198673248291
267,[0.24396652 0.2829021  0.5046259  0.7031784 ],9.0,0.88979167,0.1226198673248291
267,[0.86101514 0.23011257 0.9251128  0.43900967],15.0,0.4344997,0.1226198673248291
268,[0.52527153 0.25712663 0.6804892  0.48184985],5.0,0.9969351,0.12127494812011719
269,[0.5261359  0.25904223 0.680995   0.48904958],5.0,0.93519044,0.11715292930603027
269,[0.09968707 0.26133883 0.19123098 0.45383805],5.0,0.36829263,0.11715292930603027
269,[0.23895709 0.27566326 0.50685066 0.7061475 ],5.0,0.3065048,0.11715292930603027
269,[0.22811696 0.27470034 0.5103624  0.7046317 ],9.0,0.53875065,0.11715292930603027
269,[0.85193807 0.02860592 0.956767   0.43745846],15.0,0.4586264,0.11715292930603027
270,[0.5227621  0.25779676 0.6823965  0.48230553],5.0,0.39666578,0.12046647071838379
270,[0.5203369  0.26030344 0.6789114  0.48025477],7.0,0.8905018,0.12046647071838379
270,[0.23091328 0.27960926 0.504327   0.70749414],9.0,0.6113719,0.12046647071838379
271,[0.5234444  0.2643751  0.680953   0.47871542],5.0,0.69352514,0.11730456352233887
271,[0.2414064  0.27947688 0.5054007  0.69532055],9.0,0.9647146,0.11730456352233887
272,[0.53484386 0.24557954 0.68186766 0.47529405],5.0,0.97691864,0.1203453540802002
272,[0.23924187 0.27052587 0.5177864  0.71319765],9.0,0.7693357,0.1203453540802002
273,[0.5402296  0.24983376 0.67873174 0.47489536],5.0,0.937928,0.12055492401123047
273,[0.21087642 0.2710882  0.534191   0.6859815 ],9.0,0.80226624,0.12055492401123047
274,[0.5415183  0.2561797  0.6811065  0.46224636],7.0,0.88716674,0.12068891525268555
274,[0.2098991  0.26202634 0.50609946 0.7095233 ],9.0,0.89098144,0.12068891525268555
274,[0.19179861 0.24270386 0.29315186 0.42333245],9.0,0.41233674,0.12068891525268555
275,[0.54268765 0.25714403 0.67421806 0.45556307],7.0,0.35479587,0.11327528953552246
275,[0.22367637 0.2637645  0.5368369  0.70367825],9.0,0.78575134,0.11327528953552246
276,[0.5381053  0.25023884 0.68317205 0.46367812],5.0,0.87721306,0.12183403968811035
276,[0.67235404 0.27552336 0.77725667 0.37037712],7.0,0.5264614,0.12183403968811035
276,[0.20632537 0.260498   0.5239512  0.67470276],9.0,0.7810803,0.12183403968811035
277,[0.54376715 0.249966   0.68317145 0.45805278],5.0,0.7391584,0.12509965896606445
277,[0.5435349  0.25212026 0.6785295  0.45199478],7.0,0.5943826,0.12509965896606445
277,[0.6786677  0.2738942  0.7889691  0.37200832],7.0,0.4008477,0.12509965896606445
277,[0.21694513 0.2545793  0.52248377 0.63799506],9.0,0.84863067,0.12509965896606445
278,[0.54875666 0.24980873 0.68301135 0.4531138 ],5.0,0.6903522,0.12206172943115234
278,[0.54752696 0.25465122 0.6784345  0.44822505],7.0,0.5451899,0.12206172943115234
278,[0.2390521  0.25630242 0.5256749  0.6634959 ],9.0,0.74132633,0.12206172943115234
279,[0.54806614 0.2499807  0.68049014 0.45363575],5.0,0.54840696,0.11460757255554199
279,[0.5484396  0.25388998 0.67730486 0.44766802],7.0,0.52475953,0.11460757255554199
279,[0.22797018 0.25624    0.53252226 0.686521  ],9.0,0.45905393,0.11460757255554199
280,[0.55060023 0.2466514  0.6834801  0.44866437],5.0,0.5298335,0.1236569881439209
280,[0.12319987 0.2484307  0.2210518  0.42511234],5.0,0.3166169,0.1236569881439209
280,[0.5461999  0.25023478 0.67719376 0.44404525],7.0,0.31529018,0.1236569881439209
280,[0.23256406 0.25882763 0.54220724 0.6950103 ],9.0,0.4852053,0.1236569881439209
281,[0.5480747  0.25208956 0.6771879  0.44471705],7.0,0.8532955,0.1228492259979248
281,[0.6854071  0.27692235 0.7997716  0.371535  ],7.0,0.32105687,0.1228492259979248
281,[0.23332354 0.25586754 0.5265393  0.6439185 ],9.0,0.8110808,0.1228492259979248
282,[0.54915124 0.24637829 0.6835459  0.4481572 ],5.0,0.8208128,0.13352560997009277
282,[0.23815602 0.24739921 0.52176833 0.6559778 ],9.0,0.56199574,0.13352560997009277
282,[0.00839913 0.25648978 0.272569   0.712358  ],9.0,0.53562886,0.13352560997009277
283,[0.5486176  0.24564525 0.68272185 0.44482973],5.0,0.7673635,0.11488223075866699
283,[0.22643115 0.25127697 0.5354097  0.6816139 ],9.0,0.8550475,0.11488223075866699
283,[0.8253137  0.22512653 0.8907721  0.4123197 ],15.0,0.3156106,0.11488223075866699
284,[0.5485879  0.2442272  0.68110454 0.44411758],5.0,0.52201784,0.1268010139465332
284,[0.23047778 0.24958985 0.5255437  0.66595775],9.0,0.7496506,0.1268010139465332
285,[0.54733944 0.24190979 0.68560004 0.43966258],5.0,0.4326461,0.12703514099121094
285,[0.23484935 0.25485158 0.5228512  0.6575753 ],9.0,0.7262322,0.12703514099121094
286,[0.5486185  0.24373186 0.68450457 0.44001353],5.0,0.73087007,0.11861062049865723
286,[0.8250029  0.22478378 0.88403475 0.40446788],15.0,0.32015637,0.11861062049865723
287,[0.54851365 0.24051973 0.6838734  0.43817362],5.0,0.3526072,0.12023282051086426
288,[0.5402629  0.2387758  0.6822441  0.44101614],7.0,0.8805924,0.13121891021728516
288,[0.00745457 0.25034294 0.21016362 0.5157074 ],7.0,0.50062907,0.13121891021728516
289,[0.00665274 0.24640383 0.21490699 0.5057087 ],7.0,0.869444,0.13267111778259277
289,[0.54818547 0.24097413 0.6825285  0.43746346],7.0,0.7383466,0.13267111778259277
289,[0.00863117 0.25567514 0.29714355 0.7017041 ],9.0,0.48169345,0.13267111778259277
290,[0.55031526 0.23386332 0.6795324  0.43477216],7.0,0.58187646,0.12876033782958984
290,[0.00675923 0.24923559 0.2910891  0.719718  ],9.0,0.6794494,0.12876033782958984
291,[0.22507356 0.23815753 0.4857592  0.6988793 ],5.0,0.45620206,0.11973047256469727
291,[0.5514156 0.2374214 0.6800696 0.4319275],7.0,0.73983526,0.11973047256469727
291,[0.01046834 0.24616976 0.21751481 0.5183948 ],7.0,0.3379113,0.11973047256469727
291,[0.0118776  0.24734807 0.30123574 0.6990715 ],9.0,0.5715012,0.11973047256469727
291,[0.7804275  0.22130086 0.8732682  0.39547992],15.0,0.43897933,0.11973047256469727
292,[0.00708892 0.23541962 0.22088373 0.5269147 ],7.0,0.961536,0.12513113021850586
292,[0.5497632  0.24040616 0.6818496  0.4278428 ],7.0,0.93531454,0.12513113021850586
293,[0.55028373 0.23607004 0.68039304 0.429231  ],7.0,0.84005535,0.11839079856872559
293,[0.00948855 0.23662712 0.22512248 0.52054375],9.0,0.8459332,0.11839079856872559
294,[0.23659231 0.24110553 0.46992576 0.7149521 ],5.0,0.40915293,0.1152338981628418
294,[0.5522208  0.23529777 0.68062794 0.42891565],7.0,0.78789973,0.1152338981628418
294,[0.0089822  0.24494463 0.280295   0.73228586],9.0,0.49924383,0.1152338981628418
295,[0.5487701  0.23700912 0.68419975 0.42871112],7.0,0.86789924,0.1293628215789795
